{"count":1,"gauges":{},"self":36.7908768,"total":37.5711692,"children":{"AgentResetIfDone":{"count":1801,"self":0.027007899999999998,"total":0.027007899999999998,"children":null},"AgentSendState":{"count":1801,"self":0.17519569999999998,"total":0.68448639999999994,"children":{"CollectObservations":{"count":21612,"self":0.5092907,"total":0.5092907,"children":null}}},"DecideAction":{"count":1801,"self":0.0240061,"total":0.0240061,"children":null},"AcademyStep":{"count":1801,"self":0.0130026,"total":0.0130026,"children":null},"AgentAct":{"count":1801,"self":0.0307911,"total":0.0307911,"children":null}}}