{"cameraMode":{"drawMode":0,"name":"Shaded","section":"Shading Mode"},"sceneLighting":false,"audioPlay":false,"sceneViewState":{"showFog":false,"showMaterialUpdate":false,"showSkybox":false,"showFlares":false,"showImageEffects":false,"showParticleSystems":false},"in2DMode":false,"pivot":{"x":16.015336990356447,"y":2.9551682472229006,"z":9.99999713897705},"rotation":{"x":0.15519466996192933,"y":0.39001238346099856,"z":-0.06690725684165955,"w":0.9052250385284424},"size":7.726631164550781,"orthographic":false}