{"cameraMode":{"drawMode":0,"name":"Shaded","section":"Shading Mode"},"sceneLighting":false,"audioPlay":false,"sceneViewState":{"showFog":false,"showMaterialUpdate":false,"showSkybox":false,"showFlares":false,"showImageEffects":false,"showParticleSystems":false},"in2DMode":false,"pivot":{"x":-22.843828201293947,"y":23.447208404541017,"z":-51.91039276123047},"rotation":{"x":0.0668017566204071,"y":-0.2640412151813507,"z":0.018281757831573488,"w":0.9620823860168457},"size":10.0,"orthographic":false}