{"cameraMode":{"drawMode":0,"name":"Shaded","section":"Shading Mode"},"sceneLighting":true,"audioPlay":false,"sceneViewState":{"showFog":false,"showMaterialUpdate":false,"showSkybox":true,"showFlares":false,"showImageEffects":false,"showParticleSystems":false},"in2DMode":false,"pivot":{"x":-19.284969329833986,"y":12.780149459838868,"z":-27.811504364013673},"rotation":{"x":-0.05865400657057762,"y":0.9253266453742981,"z":-0.160073384642601,"w":-0.33883610367774966},"size":7.028188705444336,"orthographic":false}