{"cameraMode":{"drawMode":0,"name":"Shaded","section":"Shading Mode"},"sceneLighting":true,"audioPlay":false,"sceneViewState":{"showFog":false,"showMaterialUpdate":false,"showSkybox":true,"showFlares":false,"showImageEffects":false,"showParticleSystems":false},"in2DMode":false,"pivot":{"x":-25.94588279724121,"y":-7.209283828735352,"z":52.0213737487793},"rotation":{"x":-0.21633031964302064,"y":0.5226840376853943,"z":-0.13908730447292329,"w":-0.8128340244293213},"size":31.442834854125978,"orthographic":true}